<?xml version="1.0" encoding="UTF-8"?>
<jcr:root xmlns:sling="http://sling.apache.org/jcr/sling/1.0" xmlns:cq="http://www.day.com/jcr/cq/1.0" xmlns:jcr="http://www.jcp.org/jcr/1.0" xmlns:nt="http://www.jcp.org/jcr/nt/1.0"
    jcr:primaryType="nt:unstructured"
    jcr:title="Properties"
    sling:resourceType="cq/gui/components/authoring/dialog">
    <content
        jcr:primaryType="nt:unstructured"
        sling:resourceType="granite/ui/components/coral/foundation/tabs">
        <items jcr:primaryType="nt:unstructured">
            <tab1
                jcr:primaryType="nt:unstructured"
                jcr:title="tab 1"
                sling:resourceType="granite/ui/components/coral/foundation/fixedcolumns">
                <items jcr:primaryType="nt:unstructured">
                    <columns
                        jcr:primaryType="nt:unstructured"
                        sling:resourceType="granite/ui/components/foundation/container">
                        <items jcr:primaryType="nt:unstructured">
                            <text
                                jcr:primaryType="nt:unstructured"
                                sling:resourceType="granite/ui/components/coral/foundation/form/textfield"
                                fieldDescription="(Text)"
                                fieldLabel="Text"
                                name="./text"/>
                        </items>
                    </columns>
                </items>
            </tab1>
            <tab2
                jcr:primaryType="nt:unstructured"
                jcr:title="tab 2"
                sling:resourceType="granite/ui/components/coral/foundation/fixedcolumns">
                <items jcr:primaryType="nt:unstructured">
                    <columns
                        jcr:primaryType="nt:unstructured"
                        sling:resourceType="granite/ui/components/foundation/container">
                        <items jcr:primaryType="nt:unstructured">
                            <mySelect
                                jcr:primaryType="nt:unstructured"
                                sling:resourceType="granite/ui/components/coral/foundation/form/select"
                                fieldDescription="mySelectDescript"
                                fieldLabel="mySelect"
                                name="./mySelect">
                                <items jcr:primaryType="nt:unstructured">
                                    <first
                                        jcr:primaryType="nt:unstructured"
                                        name="first"
                                        text="first"/>
                                    <second
                                        jcr:primaryType="nt:unstructured"
                                        name="second"
                                        text="second"/>
                                    <thrid
                                        jcr:primaryType="nt:unstructured"
                                        name="third"
                                        text="third"/>
                                </items>
                            </mySelect>
                        </items>
                    </columns>
                </items>
            </tab2>
            <tab3
                jcr:primaryType="nt:unstructured"
                jcr:title="tab3"
                sling:resourceType="granite/ui/components/coral/foundation/fixedcolumns">
                <items jcr:primaryType="nt:unstructured">
                    <columns
                        jcr:primaryType="nt:unstructured"
                        sling:resourceType="granite/ui/components/foundation/container">
                        <items jcr:primaryType="nt:unstructured">
                            <myList
                                jcr:primaryType="nt:unstructured"
                                jcr:title="My List Title"
                                sling:resourceType="/libs/granite/ui/components/coral/foundation/form/multifield"
                                composite="{Boolean}true"
                                fieldDescription="My List Description"
                                fieldLabel="My List Label">
                                <field
                                    jcr:primaryType="nt:unstructured"
                                    sling:resourceType="granite/ui/components/coral/foundation/container"
                                    name="./myList">
                                    <items jcr:primaryType="nt:unstructured">
                                        <column
                                            jcr:primaryType="nt:unstructured"
                                            sling:resourceType="granite/ui/components/coral/foundation/container">
                                            <items jcr:primaryType="nt:unstructured">
                                                <desc
                                                    jcr:primaryType="nt:unstructured"
                                                    sling:resourceType="granite/ui/components/coral/foundation/form/textarea"
                                                    fieldLabel="Desc"
                                                    name="desc"/>
                                            </items>
                                        </column>
                                    </items>
                                </field>
                            </myList>
               			</items>
           			</columns>
           		</items>
       		</tab3>
   		</items>
   	</content>
</jcr:root>